<?xml version="1.0" encoding="UTF-8"?>
<project name="maven-antrun-" default="main">
  <target name="main">
    <delete verbose="true">
      <fileset includes="**/*.class" dir="/home/camper/NetBeansProjects/HappyFeet_Veterinaria/src/main/java" erroronmissingdir="false" />
      <fileset includes="**/*.class" dir="/home/camper/NetBeansProjects/HappyFeet_Veterinaria/src/test/java" erroronmissingdir="false" />
    </delete>
    <delete verbose="true">
      <fileset includes="*.class" dir="/home/camper/NetBeansProjects/HappyFeet_Veterinaria/target" erroronmissingdir="false" />
    </delete>
  </target>
</project>
